[
  {
    "Name": "Fehu",
    "ImagePath": "/images/metallic_runes/fehu.png",
    "UprightMeaning": "Wealth, abundance, success",
    "InvertedMeaning": "Loss, failure, greed"
  },
  {
    "Name": "Uruz",
    "ImagePath": "/images/metallic_runes/uruz.png",
    "UprightMeaning": "Strength, health, courage",
    "InvertedMeaning": "Weakness, lack of energy, fear"
  },
  {
    "Name": "Thurisaz",
    "ImagePath": "/images/metallic_runes/thurisaz.png",
    "UprightMeaning": "Protection, defense, conflict",
    "InvertedMeaning": "Danger, vulnerability, recklessness"
  },
  {
    "Name": "Ansuz",
    "ImagePath": "/images/metallic_runes/ansuz.png",
    "UprightMeaning": "Communication, wisdom, inspiration",
    "InvertedMeaning": "Misunderstanding, deception, confusion"
  },
  {
    "Name": "Raidho",
    "ImagePath": "/images/metallic_runes/raidho.png",
    "UprightMeaning": "Journey, movement, progress",
    "InvertedMeaning": "Stagnation, delay, disruption"
  },
  {
    "Name": "Kenaz",
    "ImagePath": "/images/metallic_runes/kenaz.png",
    "UprightMeaning": "Knowledge, creativity, illumination",
    "InvertedMeaning": "Ignorance, darkness, loss of insight"
  },
  {
    "Name": "Gebo",
    "ImagePath": "/images/metallic_runes/gebo.png",
    "UprightMeaning": "Gift, partnership, generosity",
    "InvertedMeaning": "Obligation, imbalance, selfishness"
  },
  {
    "Name": "Wunjo",
    "ImagePath": "/images/metallic_runes/wunjo.png",
    "UprightMeaning": "Joy, harmony, success",
    "InvertedMeaning": "Sorrow, disharmony, disappointment"
  },
  {
    "Name": "Hagalaz",
    "ImagePath": "/images/metallic_runes/hagalaz.png",
    "UprightMeaning": "Disruption, change, testing",
    "InvertedMeaning": "Avoidance, stagnation, denial"
  },
  {
    "Name": "Nauthiz",
    "ImagePath": "/images/metallic_runes/nauthiz.png",
    "UprightMeaning": "Need, resistance, endurance",
    "InvertedMeaning": "Frustration, weakness, failure"
  },
  {
    "Name": "Isa",
    "ImagePath": "/images/metallic_runes/isa.png",
    "UprightMeaning": "Stillness, clarity, patience",
    "InvertedMeaning": "Rigidity, isolation, delay"
  },
  {
    "Name": "Jera",
    "ImagePath": "/images/metallic_runes/jera.png",
    "UprightMeaning": "Harvest, reward, cycles",
    "InvertedMeaning": "Setback, bad timing, missed opportunity"
  },
  {
    "Name": "Eihwaz",
    "ImagePath": "/images/metallic_runes/eihwaz.png",
    "UprightMeaning": "Defense, perseverance, transformation",
    "InvertedMeaning": "Confusion, weakness, fear of change"
  },
  {
    "Name": "Perthro",
    "ImagePath": "/images/metallic_runes/perthro.png",
    "UprightMeaning": "Mystery, chance, secrets",
    "InvertedMeaning": "Exposure, bad luck, loss"
  },
  {
    "Name": "Algiz",
    "ImagePath": "/images/metallic_runes/algiz.png",
    "UprightMeaning": "Protection, sanctuary, spirituality",
    "InvertedMeaning": "Vulnerability, danger, recklessness"
  },
  {
    "Name": "Sowilo",
    "ImagePath": "/images/metallic_runes/sowilo.png",
    "UprightMeaning": "Success, vitality, guidance",
    "InvertedMeaning": "Failure, burnout, misdirection"
  },
  {
    "Name": "Tiwaz",
    "ImagePath": "/images/metallic_runes/tiwaz.png",
    "UprightMeaning": "Justice, leadership, sacrifice",
    "InvertedMeaning": "Injustice, imbalance, weakness"
  },
  {
    "Name": "Berkano",
    "ImagePath": "/images/metallic_runes/berkano.png",
    "UprightMeaning": "Growth, fertility, renewal",
    "InvertedMeaning": "Stagnation, infertility, decay"
  },
  {
    "Name": "Ehwaz",
    "ImagePath": "/images/metallic_runes/ehwaz.png",
    "UprightMeaning": "Movement, progress, trust",
    "InvertedMeaning": "Instability, mistrust, delay"
  },
  {
    "Name": "Mannaz",
    "ImagePath": "/images/metallic_runes/mannaz.png",
    "UprightMeaning": "Humanity, cooperation, intelligence",
    "InvertedMeaning": "Isolation, conflict, ignorance"
  },
  {
    "Name": "Laguz",
    "ImagePath": "/images/metallic_runes/laguz.png",
    "UprightMeaning": "Intuition, flow, emotion",
    "InvertedMeaning": "Confusion, emotional block, fear"
  },
  {
    "Name": "Ingwaz",
    "ImagePath": "/images/metallic_runes/ingwaz.png",
    "UprightMeaning": "Fertility, potential, peace",
    "InvertedMeaning": "Unrealized potential, restlessness, delay"
  },
  {
    "Name": "Dagaz",
    "ImagePath": "/images/metallic_runes/dagaz.png",
    "UprightMeaning": "Breakthrough, clarity, transformation",
    "InvertedMeaning": "Obscurity, confusion, resistance to change"
  }
]